id;street_address;postal_code;city;state_province;country
1;Secured Program;the program Ghana;West Hopefort;Soft Colombia;INDIA
2;Berkshire;Uruguayo Liaison Forward;Lubbock;cross-platform;INDIA
3;bricks-and-clicks neural;e-commerce Reverse-engineered Directives;South Douglasfort;Outdoors;INDIA
4;leading-edge;COM Diverse payment;Apple Valley;Licensed Forward parsing;INDIA
5;Orchestrator analyzer;JSON open-source e-services;Madison;Exclusive cutting-edge;INDIA
6;Designer Austria;Generic;Carson;Tactics infomediaries Guadeloupe;INDIA
7;alarm Bedfordshire Technician;pixel auxiliary Korea;Gardena;online;INDIA
8;auxiliary connect Toys;interface teal full-range;Reichelton;blue drive copying;INDIA
9;withdrawal payment;IB;South Kenton;Highway;INDIA
10;generation Division;viral Haven;Zechariahshire;turn-key Plastic;INDIA
